"0","pred_mu
"
"1","       "
"1","     [,1]"
"1","     [,2]"
"1","
   [1,]"
"1"," 21.57068"
"1"," 18.91091"
"1","
   [2,]"
"1"," 22.35950"
"1"," 17.23544"
"1","
   [3,]"
"1"," 22.23780"
"1"," 17.26534"
"1","
   [4,]"
"1"," 21.95607"
"1"," 18.58943"
"1","
   [5,]"
"1"," 21.74984"
"1"," 17.36666"
"1","
   [6,]"
"1"," 21.77144"
"1"," 17.46741"
"1","
   [7,]"
"1"," 22.05033"
"1"," 18.60256"
"1","
   [8,]"
"1"," 22.87446"
"1"," 17.12063"
"1","
   [9,]"
"1"," 23.63503"
"1"," 16.48467"
"1","
  [10,]"
"1"," 23.18676"
"1"," 19.41675"
"1","
  [11,]"
"1"," 22.88737"
"1"," 16.48301"
"1","
  [12,]"
"1"," 21.80674"
"1"," 18.92685"
"1","
  [13,]"
"1"," 23.67522"
"1"," 18.36376"
"1","
  [14,]"
"1"," 22.78814"
"1"," 18.16414"
"1","
  [15,]"
"1"," 20.02601"
"1"," 18.03559"
"1","
  [16,]"
"1"," 20.44933"
"1"," 17.58887"
"1","
  [17,]"
"1"," 20.70270"
"1"," 17.67257"
"1","
  [18,]"
"1"," 21.05752"
"1"," 17.69350"
"1","
  [19,]"
"1"," 23.52521"
"1"," 18.61392"
"1","
  [20,]"
"1"," 23.27629"
"1"," 17.82805"
"1","
  [21,]"
"1"," 21.34814"
"1"," 18.00066"
"1","
  [22,]"
"1"," 22.40279"
"1"," 19.14473"
"1","
  [23,]"
"1"," 20.26494"
"1"," 17.46648"
"1","
  [24,]"
"1"," 24.09955"
"1"," 17.39996"
"1","
  [25,]"
"1"," 20.97438"
"1"," 18.91850"
"1","
  [26,]"
"1"," 21.10868"
"1"," 19.00360"
"1","
  [27,]"
"1"," 20.90297"
"1"," 18.19309"
"1","
  [28,]"
"1"," 23.66907"
"1"," 17.02925"
"1","
  [29,]"
"1"," 22.23632"
"1"," 18.86151"
"1","
  [30,]"
"1"," 22.58397"
"1"," 16.42045"
"1","
  [31,]"
"1"," 22.47251"
"1"," 18.08637"
"1","
  [32,]"
"1"," 23.03690"
"1"," 17.11992"
"1","
  [33,]"
"1"," 23.44057"
"1"," 19.15906"
"1","
  [34,]"
"1"," 24.13135"
"1"," 18.16450"
"1","
  [35,]"
"1"," 21.40858"
"1"," 18.99266"
"1","
  [36,]"
"1"," 21.94223"
"1"," 17.91814"
"1","
  [37,]"
"1"," 20.33315"
"1"," 17.78206"
"1","
  [38,]"
"1"," 23.57203"
"1"," 17.09594"
"1","
  [39,]"
"1"," 23.89861"
"1"," 16.63224"
"1","
  [40,]"
"1"," 23.52873"
"1"," 18.08327"
"1","
  [41,]"
"1"," 21.68560"
"1"," 18.13030"
"1","
  [42,]"
"1"," 22.22763"
"1"," 16.56277"
"1","
  [43,]"
"1"," 23.47157"
"1"," 16.40670"
"1","
  [44,]"
"1"," 21.98439"
"1"," 18.01756"
"1","
  [45,]"
"1"," 22.36572"
"1"," 18.97390"
"1","
  [46,]"
"1"," 21.16203"
"1"," 18.91753"
"1","
  [47,]"
"1"," 22.55109"
"1"," 17.40768"
"1","
  [48,]"
"1"," 23.42434"
"1"," 18.23347"
"1","
  [49,]"
"1"," 20.77189"
"1"," 16.58595"
"1","
  [50,]"
"1"," 20.80957"
"1"," 19.44281"
"1","
  [51,]"
"1"," 21.62690"
"1"," 17.17912"
"1","
  [52,]"
"1"," 22.89358"
"1"," 17.99915"
"1","
  [53,]"
"1"," 22.70205"
"1"," 17.05911"
"1","
  [54,]"
"1"," 20.98457"
"1"," 16.77518"
"1","
  [55,]"
"1"," 22.78216"
"1"," 18.25551"
"1","
  [56,]"
"1"," 20.99585"
"1"," 17.49757"
"1","
  [57,]"
"1"," 23.27179"
"1"," 17.82150"
"1","
  [58,]"
"1"," 23.07161"
"1"," 17.70471"
"1","
  [59,]"
"1"," 22.09896"
"1"," 17.12606"
"1","
  [60,]"
"1"," 21.68001"
"1"," 17.18767"
"1","
  [61,]"
"1"," 21.81821"
"1"," 19.53566"
"1","
  [62,]"
"1"," 22.87477"
"1"," 17.22553"
"1","
  [63,]"
"1"," 21.70424"
"1"," 16.41611"
"1","
  [64,]"
"1"," 21.66967"
"1"," 18.62772"
"1","
  [65,]"
"1"," 21.39713"
"1"," 18.23176"
"1","
  [66,]"
"1"," 23.18524"
"1"," 17.92161"
"1","
  [67,]"
"1"," 23.66853"
"1"," 18.85035"
"1","
  [68,]"
"1"," 21.92769"
"1"," 16.44854"
"1","
  [69,]"
"1"," 22.20319"
"1"," 16.31728"
"1","
  [70,]"
"1"," 21.90012"
"1"," 18.65949"
"1","
  [71,]"
"1"," 23.30883"
"1"," 17.72919"
"1","
  [72,]"
"1"," 22.97634"
"1"," 17.90339"
"1","
  [73,]"
"1"," 20.90367"
"1"," 17.08290"
"1","
  [74,]"
"1"," 24.40620"
"1"," 18.61569"
"1","
  [75,]"
"1"," 24.28530"
"1"," 17.72153"
"1","
  [76,]"
"1"," 21.64277"
"1"," 18.00042"
"1","
  [77,]"
"1"," 20.79425"
"1"," 18.77096"
"1","
  [78,]"
"1"," 21.62253"
"1"," 17.16372"
"1","
  [79,]"
"1"," 21.94194"
"1"," 17.52750"
"1","
  [80,]"
"1"," 20.94917"
"1"," 18.86161"
"1","
  [81,]"
"1"," 22.27857"
"1"," 17.69750"
"1","
  [82,]"
"1"," 21.56799"
"1"," 17.95748"
"1","
  [83,]"
"1"," 23.14436"
"1"," 18.64001"
"1","
  [84,]"
"1"," 21.01994"
"1"," 16.81446"
"1","
  [85,]"
"1"," 20.78727"
"1"," 17.91731"
"1","
  [86,]"
"1"," 21.52461"
"1"," 17.77288"
"1","
  [87,]"
"1"," 21.23091"
"1"," 18.41221"
"1","
  [88,]"
"1"," 22.82309"
"1"," 18.60078"
"1","
  [89,]"
"1"," 21.99462"
"1"," 17.32988"
"1","
  [90,]"
"1"," 23.04281"
"1"," 17.53156"
"1","
  [91,]"
"1"," 22.26099"
"1"," 18.60971"
"1","
  [92,]"
"1"," 21.88455"
"1"," 17.96812"
"1","
  [93,]"
"1"," 22.51463"
"1"," 16.83393"
"1","
  [94,]"
"1"," 23.38361"
"1"," 17.91166"
"1","
  [95,]"
"1"," 20.80624"
"1"," 18.83420"
"1","
  [96,]"
"1"," 22.94807"
"1"," 18.56944"
"1","
  [97,]"
"1"," 23.77206"
"1"," 17.94194"
"1","
  [98,]"
"1"," 23.36642"
"1"," 17.54643"
"1","
  [99,]"
"1"," 20.25886"
"1"," 18.54304"
"1","
 [100,]"
"1"," 22.79404"
"1"," 18.80212"
"1","
 [101,]"
"1"," 23.67403"
"1"," 17.43568"
"1","
 [102,]"
"1"," 23.21765"
"1"," 17.35741"
"1","
 [103,]"
"1"," 23.59010"
"1"," 17.52675"
"1","
 [104,]"
"1"," 20.93345"
"1"," 17.81678"
"1","
 [105,]"
"1"," 21.62759"
"1"," 18.10666"
"1","
 [106,]"
"1"," 22.40560"
"1"," 16.55830"
"1","
 [107,]"
"1"," 22.97199"
"1"," 18.14326"
"1","
 [108,]"
"1"," 20.96394"
"1"," 18.18256"
"1","
 [109,]"
"1"," 20.78596"
"1"," 17.98404"
"1","
 [110,]"
"1"," 21.12954"
"1"," 17.89126"
"1","
 [111,]"
"1"," 21.44578"
"1"," 18.19258"
"1","
 [112,]"
"1"," 22.59765"
"1"," 17.84469"
"1","
 [113,]"
"1"," 21.79720"
"1"," 17.74429"
"1","
 [114,]"
"1"," 22.21624"
"1"," 17.09510"
"1","
 [115,]"
"1"," 21.41877"
"1"," 17.98947"
"1","
 [116,]"
"1"," 22.27893"
"1"," 18.16834"
"1","
 [117,]"
"1"," 22.18259"
"1"," 18.11578"
"1","
 [118,]"
"1"," 20.79442"
"1"," 17.10758"
"1","
 [119,]"
"1"," 20.14511"
"1"," 16.58534"
"1","
 [120,]"
"1"," 23.27830"
"1"," 18.17196"
"1","
 [121,]"
"1"," 21.17840"
"1"," 16.32561"
"1","
 [122,]"
"1"," 24.21862"
"1"," 18.38322"
"1","
 [123,]"
"1"," 21.09091"
"1"," 17.79639"
"1","
 [124,]"
"1"," 21.30004"
"1"," 17.27808"
"1","
 [125,]"
"1"," 23.19936"
"1"," 17.90341"
"1","
 [126,]"
"1"," 21.76438"
"1"," 19.74308"
"1","
 [127,]"
"1"," 23.71612"
"1"," 18.07486"
"1","
 [128,]"
"1"," 23.72906"
"1"," 18.28554"
"1","
 [129,]"
"1"," 22.33396"
"1"," 16.00957"
"1","
 [130,]"
"1"," 22.33600"
"1"," 20.15844"
"1","
 [131,]"
"1"," 22.68390"
"1"," 20.35705"
"1","
 [132,]"
"1"," 22.43697"
"1"," 18.42744"
"1","
 [133,]"
"1"," 21.56972"
"1"," 18.02213"
"1","
 [134,]"
"1"," 22.38006"
"1"," 18.44230"
"1","
 [135,]"
"1"," 21.70264"
"1"," 17.19409"
"1","
 [136,]"
"1"," 22.81737"
"1"," 18.97433"
"1","
 [137,]"
"1"," 21.33158"
"1"," 17.39180"
"1","
 [138,]"
"1"," 23.21799"
"1"," 17.89607"
"1","
 [139,]"
"1"," 22.27666"
"1"," 19.33962"
"1","
 [140,]"
"1"," 22.42995"
"1"," 18.00081"
"1","
 [141,]"
"1"," 22.08346"
"1"," 17.76720"
"1","
 [142,]"
"1"," 20.83354"
"1"," 16.41174"
"1","
 [143,]"
"1"," 21.26910"
"1"," 16.76968"
"1","
 [144,]"
"1"," 22.35974"
"1"," 16.78730"
"1","
 [145,]"
"1"," 22.27641"
"1"," 17.95258"
"1","
 [146,]"
"1"," 21.88086"
"1"," 19.31412"
"1","
 [147,]"
"1"," 21.25716"
"1"," 16.85012"
"1","
 [148,]"
"1"," 23.67802"
"1"," 19.94524"
"1","
 [149,]"
"1"," 22.85860"
"1"," 17.04582"
"1","
 [150,]"
"1"," 22.49679"
"1"," 17.87786"
"1","
 [151,]"
"1"," 22.49020"
"1"," 16.71416"
"1","
 [152,]"
"1"," 21.88101"
"1"," 17.12254"
"1","
 [153,]"
"1"," 23.55869"
"1"," 17.32344"
"1","
 [154,]"
"1"," 21.40207"
"1"," 17.98437"
"1","
 [155,]"
"1"," 24.27659"
"1"," 19.21615"
"1","
 [156,]"
"1"," 23.19943"
"1"," 18.62703"
"1","
 [157,]"
"1"," 21.61087"
"1"," 16.78552"
"1","
 [158,]"
"1"," 22.54314"
"1"," 18.88371"
"1","
 [159,]"
"1"," 20.12648"
"1"," 17.57451"
"1","
 [160,]"
"1"," 20.44600"
"1"," 17.19361"
"1","
 [161,]"
"1"," 22.91314"
"1"," 17.63571"
"1","
 [162,]"
"1"," 21.82729"
"1"," 18.69330"
"1","
 [163,]"
"1"," 22.28055"
"1"," 17.65678"
"1","
 [164,]"
"1"," 20.06897"
"1"," 18.25824"
"1","
 [165,]"
"1"," 23.64623"
"1"," 17.19918"
"1","
 [166,]"
"1"," 22.58421"
"1"," 19.13335"
"1","
 [167,]"
"1"," 22.60141"
"1"," 18.54368"
"1","
 [168,]"
"1"," 23.25249"
"1"," 18.58421"
"1","
 [169,]"
"1"," 20.60772"
"1"," 18.51922"
"1","
 [170,]"
"1"," 22.39993"
"1"," 17.55989"
"1","
 [171,]"
"1"," 23.26618"
"1"," 18.94154"
"1","
 [172,]"
"1"," 22.06679"
"1"," 17.50131"
"1","
 [173,]"
"1"," 21.85031"
"1"," 17.43529"
"1","
 [174,]"
"1"," 20.96386"
"1"," 17.43441"
"1","
 [175,]"
"1"," 22.87047"
"1"," 17.77630"
"1","
 [176,]"
"1"," 20.83700"
"1"," 17.49245"
"1","
 [177,]"
"1"," 22.61155"
"1"," 19.21564"
"1","
 [178,]"
"1"," 22.11697"
"1"," 18.14603"
"1","
 [179,]"
"1"," 21.90450"
"1"," 17.62492"
"1","
 [180,]"
"1"," 20.80147"
"1"," 18.86334"
"1","
 [181,]"
"1"," 24.80606"
"1"," 17.41161"
"1","
 [182,]"
"1"," 20.51479"
"1"," 18.80312"
"1","
 [183,]"
"1"," 23.05142"
"1"," 17.80859"
"1","
 [184,]"
"1"," 21.71630"
"1"," 18.50032"
"1","
 [185,]"
"1"," 22.19528"
"1"," 16.74181"
"1","
 [186,]"
"1"," 21.01768"
"1"," 18.81118"
"1","
 [187,]"
"1"," 21.93605"
"1"," 17.32035"
"1","
 [188,]"
"1"," 21.96400"
"1"," 17.75775"
"1","
 [189,]"
"1"," 22.25625"
"1"," 17.28883"
"1","
 [190,]"
"1"," 22.46289"
"1"," 17.75657"
"1","
 [191,]"
"1"," 21.30314"
"1"," 17.34948"
"1","
 [192,]"
"1"," 21.04573"
"1"," 18.31547"
"1","
 [193,]"
"1"," 23.55455"
"1"," 17.16229"
"1","
 [194,]"
"1"," 21.21296"
"1"," 17.58582"
"1","
 [195,]"
"1"," 23.58405"
"1"," 17.95915"
"1","
 [196,]"
"1"," 18.63491"
"1"," 18.32315"
"1","
 [197,]"
"1"," 19.76983"
"1"," 18.43588"
"1","
 [198,]"
"1"," 23.81632"
"1"," 18.33687"
"1","
 [199,]"
"1"," 21.30169"
"1"," 18.44857"
"1","
 [200,]"
"1"," 21.46119"
"1"," 17.76702"
"1","
 [201,]"
"1"," 21.16313"
"1"," 18.16914"
"1","
 [202,]"
"1"," 20.58559"
"1"," 18.29149"
"1","
 [203,]"
"1"," 24.16260"
"1"," 17.67053"
"1","
 [204,]"
"1"," 21.38601"
"1"," 18.46004"
"1","
 [205,]"
"1"," 24.00473"
"1"," 17.88620"
"1","
 [206,]"
"1"," 20.52701"
"1"," 18.47718"
"1","
 [207,]"
"1"," 22.22579"
"1"," 19.17438"
"1","
 [208,]"
"1"," 22.62007"
"1"," 17.30154"
"1","
 [209,]"
"1"," 22.78153"
"1"," 18.07338"
"1","
 [210,]"
"1"," 21.44350"
"1"," 16.82162"
"1","
 [211,]"
"1"," 21.68469"
"1"," 17.11112"
"1","
 [212,]"
"1"," 22.74772"
"1"," 18.16272"
"1","
 [213,]"
"1"," 21.26877"
"1"," 18.28704"
"1","
 [214,]"
"1"," 21.85313"
"1"," 17.58524"
"1","
 [215,]"
"1"," 21.49721"
"1"," 17.09478"
"1","
 [216,]"
"1"," 21.81908"
"1"," 18.35290"
"1","
 [217,]"
"1"," 21.94627"
"1"," 16.20869"
"1","
 [218,]"
"1"," 22.70256"
"1"," 16.83585"
"1","
 [219,]"
"1"," 21.08338"
"1"," 18.07040"
"1","
 [220,]"
"1"," 21.85986"
"1"," 18.10821"
"1","
 [221,]"
"1"," 20.83569"
"1"," 17.90077"
"1","
 [222,]"
"1"," 23.43485"
"1"," 17.39744"
"1","
 [223,]"
"1"," 22.70412"
"1"," 18.19791"
"1","
 [224,]"
"1"," 22.87500"
"1"," 16.87216"
"1","
 [225,]"
"1"," 21.79526"
"1"," 17.53586"
"1","
 [226,]"
"1"," 21.80371"
"1"," 18.29520"
"1","
 [227,]"
"1"," 22.70327"
"1"," 17.24552"
"1","
 [228,]"
"1"," 20.94624"
"1"," 19.26560"
"1","
 [229,]"
"1"," 21.71336"
"1"," 18.14237"
"1","
 [230,]"
"1"," 20.98978"
"1"," 19.03759"
"1","
 [231,]"
"1"," 22.01136"
"1"," 18.16262"
"1","
 [232,]"
"1"," 23.02016"
"1"," 17.44759"
"1","
 [233,]"
"1"," 23.20408"
"1"," 17.11540"
"1","
 [234,]"
"1"," 22.30622"
"1"," 18.97592"
"1","
 [235,]"
"1"," 23.01109"
"1"," 17.38158"
"1","
 [236,]"
"1"," 20.85472"
"1"," 18.48688"
"1","
 [237,]"
"1"," 22.26179"
"1"," 17.90281"
"1","
 [238,]"
"1"," 22.74030"
"1"," 17.65407"
"1","
 [239,]"
"1"," 19.94272"
"1"," 18.28340"
"1","
 [240,]"
"1"," 24.85464"
"1"," 16.93392"
"1","
 [241,]"
"1"," 24.96848"
"1"," 17.00537"
"1","
 [242,]"
"1"," 23.35570"
"1"," 18.36519"
"1","
 [243,]"
"1"," 21.51312"
"1"," 17.38415"
"1","
 [244,]"
"1"," 21.90632"
"1"," 17.17488"
"1","
 [245,]"
"1"," 21.21990"
"1"," 17.52585"
"1","
 [246,]"
"1"," 22.67749"
"1"," 18.84643"
"1","
 [247,]"
"1"," 22.55015"
"1"," 17.99592"
"1","
 [248,]"
"1"," 21.47984"
"1"," 17.03608"
"1","
 [249,]"
"1"," 21.96320"
"1"," 18.51535"
"1","
 [250,]"
"1"," 21.60760"
"1"," 16.95480"
"1","
 [251,]"
"1"," 22.40595"
"1"," 17.75252"
"1","
 [252,]"
"1"," 21.72437"
"1"," 17.02287"
"1","
 [253,]"
"1"," 22.76465"
"1"," 18.10950"
"1","
 [254,]"
"1"," 21.56081"
"1"," 18.05232"
"1","
 [255,]"
"1"," 22.03311"
"1"," 17.01504"
"1","
 [256,]"
"1"," 21.90073"
"1"," 18.06453"
"1","
 [257,]"
"1"," 22.21623"
"1"," 17.29721"
"1","
 [258,]"
"1"," 20.70485"
"1"," 17.79767"
"1","
 [259,]"
"1"," 22.99017"
"1"," 18.12273"
"1","
 [260,]"
"1"," 21.06027"
"1"," 18.73850"
"1","
 [261,]"
"1"," 21.15742"
"1"," 19.14961"
"1","
 [262,]"
"1"," 22.83544"
"1"," 17.37067"
"1","
 [263,]"
"1"," 23.16221"
"1"," 17.46076"
"1","
 [264,]"
"1"," 21.46447"
"1"," 19.09816"
"1","
 [265,]"
"1"," 21.55168"
"1"," 18.11913"
"1","
 [266,]"
"1"," 21.09645"
"1"," 18.49569"
"1","
 [267,]"
"1"," 22.34673"
"1"," 17.24987"
"1","
 [268,]"
"1"," 24.78913"
"1"," 16.17127"
"1","
 [269,]"
"1"," 19.14202"
"1"," 18.48071"
"1","
 [270,]"
"1"," 23.82449"
"1"," 18.82779"
"1","
 [271,]"
"1"," 21.72301"
"1"," 17.30483"
"1","
 [272,]"
"1"," 21.33970"
"1"," 17.48200"
"1","
 [273,]"
"1"," 22.85394"
"1"," 17.77691"
"1","
 [274,]"
"1"," 21.14872"
"1"," 17.17448"
"1","
 [275,]"
"1"," 22.79374"
"1"," 18.38974"
"1","
 [276,]"
"1"," 21.08991"
"1"," 17.60672"
"1","
 [277,]"
"1"," 23.43218"
"1"," 17.69072"
"1","
 [278,]"
"1"," 21.27353"
"1"," 18.54522"
"1","
 [279,]"
"1"," 22.62301"
"1"," 17.69334"
"1","
 [280,]"
"1"," 22.36759"
"1"," 19.08649"
"1","
 [281,]"
"1"," 24.41905"
"1"," 16.55815"
"1","
 [282,]"
"1"," 21.13344"
"1"," 18.04923"
"1","
 [283,]"
"1"," 21.53674"
"1"," 16.51151"
"1","
 [284,]"
"1"," 21.32719"
"1"," 18.24170"
"1","
 [285,]"
"1"," 20.86085"
"1"," 17.21428"
"1","
 [286,]"
"1"," 20.49109"
"1"," 18.08914"
"1","
 [287,]"
"1"," 23.43595"
"1"," 16.93765"
"1","
 [288,]"
"1"," 20.39164"
"1"," 17.67679"
"1","
 [289,]"
"1"," 25.02765"
"1"," 17.81077"
"1","
 [290,]"
"1"," 21.08524"
"1"," 18.06006"
"1","
 [291,]"
"1"," 23.31168"
"1"," 19.13362"
"1","
 [292,]"
"1"," 19.66136"
"1"," 16.89670"
"1","
 [293,]"
"1"," 24.20098"
"1"," 20.24838"
"1","
 [294,]"
"1"," 21.23407"
"1"," 17.90069"
"1","
 [295,]"
"1"," 22.74189"
"1"," 18.57452"
"1","
 [296,]"
"1"," 21.67463"
"1"," 17.84547"
"1","
 [297,]"
"1"," 23.77632"
"1"," 17.76298"
"1","
 [298,]"
"1"," 23.68049"
"1"," 18.57348"
"1","
 [299,]"
"1"," 22.74312"
"1"," 17.57982"
"1","
 [300,]"
"1"," 21.96696"
"1"," 18.52857"
"1","
 [301,]"
"1"," 20.13441"
"1"," 17.02632"
"1","
 [302,]"
"1"," 23.43457"
"1"," 17.89061"
"1","
 [303,]"
"1"," 21.67368"
"1"," 17.53499"
"1","
 [304,]"
"1"," 20.95749"
"1"," 18.30256"
"1","
 [305,]"
"1"," 24.62671"
"1"," 16.69201"
"1","
 [306,]"
"1"," 22.77536"
"1"," 17.39993"
"1","
 [307,]"
"1"," 23.70943"
"1"," 16.46531"
"1","
 [308,]"
"1"," 20.88311"
"1"," 18.13188"
"1","
 [309,]"
"1"," 22.61401"
"1"," 16.59802"
"1","
 [310,]"
"1"," 21.06490"
"1"," 18.16703"
"1","
 [311,]"
"1"," 23.78812"
"1"," 18.72933"
"1","
 [312,]"
"1"," 20.79564"
"1"," 16.19350"
"1","
 [313,]"
"1"," 22.29655"
"1"," 18.57160"
"1","
 [314,]"
"1"," 22.40536"
"1"," 17.33413"
"1","
 [315,]"
"1"," 20.74260"
"1"," 18.10473"
"1","
 [316,]"
"1"," 22.40178"
"1"," 17.80928"
"1","
 [317,]"
"1"," 20.92979"
"1"," 18.18125"
"1","
 [318,]"
"1"," 24.35031"
"1"," 17.35115"
"1","
 [319,]"
"1"," 20.15442"
"1"," 17.93076"
"1","
 [320,]"
"1"," 19.67132"
"1"," 17.60336"
"1","
 [321,]"
"1"," 21.41178"
"1"," 17.27396"
"1","
 [322,]"
"1"," 22.26017"
"1"," 18.55701"
"1","
 [323,]"
"1"," 22.82520"
"1"," 17.59660"
"1","
 [324,]"
"1"," 21.69701"
"1"," 18.43193"
"1","
 [325,]"
"1"," 22.48100"
"1"," 16.56260"
"1","
 [326,]"
"1"," 21.58481"
"1"," 17.09417"
"1","
 [327,]"
"1"," 21.41208"
"1"," 17.95623"
"1","
 [328,]"
"1"," 22.75321"
"1"," 17.12883"
"1","
 [329,]"
"1"," 21.89984"
"1"," 17.16622"
"1","
 [330,]"
"1"," 22.49106"
"1"," 16.56038"
"1","
 [331,]"
"1"," 22.33535"
"1"," 17.36113"
"1","
 [332,]"
"1"," 23.44419"
"1"," 18.25220"
"1","
 [333,]"
"1"," 22.85681"
"1"," 17.23239"
"1","
 [334,]"
"1"," 22.49154"
"1"," 18.59205"
"1","
 [335,]"
"1"," 22.59691"
"1"," 17.32156"
"1","
 [336,]"
"1"," 22.93203"
"1"," 18.35646"
"1","
 [337,]"
"1"," 22.30751"
"1"," 17.96632"
"1","
 [338,]"
"1"," 19.81155"
"1"," 18.96241"
"1","
 [339,]"
"1"," 21.06907"
"1"," 19.28848"
"1","
 [340,]"
"1"," 23.60761"
"1"," 18.05574"
"1","
 [341,]"
"1"," 20.95340"
"1"," 17.26114"
"1","
 [342,]"
"1"," 22.70505"
"1"," 17.81788"
"1","
 [343,]"
"1"," 21.13802"
"1"," 17.71736"
"1","
 [344,]"
"1"," 21.61423"
"1"," 18.33922"
"1","
 [345,]"
"1"," 22.02752"
"1"," 18.34302"
"1","
 [346,]"
"1"," 22.49290"
"1"," 17.52001"
"1","
 [347,]"
"1"," 21.35983"
"1"," 16.83125"
"1","
 [348,]"
"1"," 22.83684"
"1"," 17.96168"
"1","
 [349,]"
"1"," 21.96275"
"1"," 18.17353"
"1","
 [350,]"
"1"," 21.15054"
"1"," 17.43866"
"1","
 [351,]"
"1"," 20.93815"
"1"," 18.93776"
"1","
 [352,]"
"1"," 21.77956"
"1"," 17.12598"
"1","
 [353,]"
"1"," 22.35299"
"1"," 16.40751"
"1","
 [354,]"
"1"," 22.83505"
"1"," 20.08849"
"1","
 [355,]"
"1"," 21.49835"
"1"," 16.50102"
"1","
 [356,]"
"1"," 21.46456"
"1"," 17.90616"
"1","
 [357,]"
"1"," 20.81566"
"1"," 17.25410"
"1","
 [358,]"
"1"," 22.70090"
"1"," 19.40807"
"1","
 [359,]"
"1"," 24.39307"
"1"," 19.21887"
"1","
 [360,]"
"1"," 20.50311"
"1"," 16.25733"
"1","
 [361,]"
"1"," 22.33306"
"1"," 20.20261"
"1","
 [362,]"
"1"," 22.66530"
"1"," 16.32924"
"1","
 [363,]"
"1"," 21.49063"
"1"," 17.92801"
"1","
 [364,]"
"1"," 23.74547"
"1"," 17.77661"
"1","
 [365,]"
"1"," 20.76045"
"1"," 18.96224"
"1","
 [366,]"
"1"," 21.72842"
"1"," 17.52603"
"1","
 [367,]"
"1"," 25.08822"
"1"," 18.29634"
"1","
 [368,]"
"1"," 20.35007"
"1"," 17.88244"
"1","
 [369,]"
"1"," 21.48671"
"1"," 18.55813"
"1","
 [370,]"
"1"," 21.84838"
"1"," 19.70750"
"1","
 [371,]"
"1"," 21.79295"
"1"," 17.97182"
"1","
 [372,]"
"1"," 21.45689"
"1"," 17.94452"
"1","
 [373,]"
"1"," 22.57154"
"1"," 16.73224"
"1","
 [374,]"
"1"," 21.06915"
"1"," 18.57352"
"1","
 [375,]"
"1"," 21.08449"
"1"," 19.83123"
"1","
 [376,]"
"1"," 23.76016"
"1"," 17.79995"
"1","
 [377,]"
"1"," 23.52071"
"1"," 17.75220"
"1","
 [378,]"
"1"," 21.32900"
"1"," 17.34287"
"1","
 [379,]"
"1"," 22.99385"
"1"," 17.10066"
"1","
 [380,]"
"1"," 23.28029"
"1"," 17.84063"
"1","
 [381,]"
"1"," 21.33742"
"1"," 16.39569"
"1","
 [382,]"
"1"," 23.88280"
"1"," 20.17926"
"1","
 [383,]"
"1"," 21.51046"
"1"," 17.44838"
"1","
 [384,]"
"1"," 21.30047"
"1"," 17.37897"
"1","
 [385,]"
"1"," 22.40063"
"1"," 18.26923"
"1","
 [386,]"
"1"," 21.95477"
"1"," 18.87682"
"1","
 [387,]"
"1"," 23.01394"
"1"," 18.21519"
"1","
 [388,]"
"1"," 22.58039"
"1"," 17.18932"
"1","
 [389,]"
"1"," 20.90369"
"1"," 19.33907"
"1","
 [390,]"
"1"," 20.66584"
"1"," 19.33617"
"1","
 [391,]"
"1"," 22.69006"
"1"," 17.65092"
"1","
 [392,]"
"1"," 22.60086"
"1"," 17.26606"
"1","
 [393,]"
"1"," 23.53506"
"1"," 17.76275"
"1","
 [394,]"
"1"," 23.97469"
"1"," 17.34290"
"1","
 [395,]"
"1"," 23.82721"
"1"," 16.99894"
"1","
 [396,]"
"1"," 20.15311"
"1"," 18.06646"
"1","
 [397,]"
"1"," 20.31510"
"1"," 18.58646"
"1","
 [398,]"
"1"," 23.66866"
"1"," 16.15936"
"1","
 [399,]"
"1"," 21.55873"
"1"," 16.23961"
"1","
 [400,]"
"1"," 21.36556"
"1"," 17.89332"
"1","
 [401,]"
"1"," 22.47813"
"1"," 18.56796"
"1","
 [402,]"
"1"," 23.13336"
"1"," 18.32999"
"1","
 [403,]"
"1"," 21.55723"
"1"," 16.78294"
"1","
 [404,]"
"1"," 23.25746"
"1"," 18.18503"
"1","
 [405,]"
"1"," 23.37544"
"1"," 17.71549"
"1","
 [406,]"
"1"," 20.52938"
"1"," 18.66231"
"1","
 [407,]"
"1"," 23.33200"
"1"," 18.11919"
"1","
 [408,]"
"1"," 20.26246"
"1"," 17.40826"
"1","
 [409,]"
"1"," 21.98585"
"1"," 19.08803"
"1","
 [410,]"
"1"," 21.09105"
"1"," 18.03408"
"1","
 [411,]"
"1"," 22.27537"
"1"," 17.56271"
"1","
 [412,]"
"1"," 22.71876"
"1"," 19.09792"
"1","
 [413,]"
"1"," 22.54816"
"1"," 18.25545"
"1","
 [414,]"
"1"," 21.46459"
"1"," 18.06554"
"1","
 [415,]"
"1"," 22.91780"
"1"," 19.86293"
"1","
 [416,]"
"1"," 22.54878"
"1"," 17.19135"
"1","
 [417,]"
"1"," 21.23552"
"1"," 19.91098"
"1","
 [418,]"
"1"," 20.53865"
"1"," 18.43153"
"1","
 [419,]"
"1"," 24.80054"
"1"," 17.21599"
"1","
 [420,]"
"1"," 23.62810"
"1"," 17.91657"
"1","
 [421,]"
"1"," 22.41575"
"1"," 19.24676"
"1","
 [422,]"
"1"," 22.39160"
"1"," 17.49953"
"1","
 [423,]"
"1"," 22.06990"
"1"," 18.11969"
"1","
 [424,]"
"1"," 22.65993"
"1"," 18.65103"
"1","
 [425,]"
"1"," 23.10149"
"1"," 18.93651"
"1","
 [426,]"
"1"," 21.11167"
"1"," 18.51583"
"1","
 [427,]"
"1"," 22.14958"
"1"," 16.47704"
"1","
 [428,]"
"1"," 24.02533"
"1"," 18.48163"
"1","
 [429,]"
"1"," 23.47624"
"1"," 17.77623"
"1","
 [430,]"
"1"," 21.05087"
"1"," 18.36886"
"1","
 [431,]"
"1"," 22.19509"
"1"," 17.56981"
"1","
 [432,]"
"1"," 21.30901"
"1"," 18.28246"
"1","
 [433,]"
"1"," 21.80136"
"1"," 18.72882"
"1","
 [434,]"
"1"," 22.58232"
"1"," 17.43095"
"1","
 [435,]"
"1"," 21.75276"
"1"," 17.75533"
"1","
 [436,]"
"1"," 21.90818"
"1"," 18.59322"
"1","
 [437,]"
"1"," 22.55066"
"1"," 16.95023"
"1","
 [438,]"
"1"," 21.91840"
"1"," 18.07678"
"1","
 [439,]"
"1"," 23.28772"
"1"," 17.30169"
"1","
 [440,]"
"1"," 21.13143"
"1"," 18.23499"
"1","
 [441,]"
"1"," 22.73034"
"1"," 18.29380"
"1","
 [442,]"
"1"," 22.26497"
"1"," 16.67610"
"1","
 [443,]"
"1"," 20.99486"
"1"," 17.43082"
"1","
 [444,]"
"1"," 22.80406"
"1"," 17.97115"
"1","
 [445,]"
"1"," 22.16252"
"1"," 16.79320"
"1","
 [446,]"
"1"," 23.61903"
"1"," 17.29953"
"1","
 [447,]"
"1"," 23.63781"
"1"," 18.12813"
"1","
 [448,]"
"1"," 20.66948"
"1"," 18.41339"
"1","
 [449,]"
"1"," 21.41207"
"1"," 18.59537"
"1","
 [450,]"
"1"," 21.44385"
"1"," 18.26877"
"1","
 [451,]"
"1"," 22.64436"
"1"," 18.30474"
"1","
 [452,]"
"1"," 20.79353"
"1"," 18.42420"
"1","
 [453,]"
"1"," 24.11771"
"1"," 16.74088"
"1","
 [454,]"
"1"," 21.90455"
"1"," 19.28668"
"1","
 [455,]"
"1"," 22.03597"
"1"," 17.86269"
"1","
 [456,]"
"1"," 22.81917"
"1"," 18.18972"
"1","
 [457,]"
"1"," 22.63983"
"1"," 17.56496"
"1","
 [458,]"
"1"," 22.20056"
"1"," 17.83885"
"1","
 [459,]"
"1"," 22.02670"
"1"," 18.41172"
"1","
 [460,]"
"1"," 22.70826"
"1"," 18.20374"
"1","
 [461,]"
"1"," 22.80420"
"1"," 17.64633"
"1","
 [462,]"
"1"," 22.23868"
"1"," 18.33442"
"1","
 [463,]"
"1"," 22.33322"
"1"," 18.26236"
"1","
 [464,]"
"1"," 22.55889"
"1"," 17.58211"
"1","
 [465,]"
"1"," 22.72228"
"1"," 18.98843"
"1","
 [466,]"
"1"," 22.47426"
"1"," 18.37384"
"1","
 [467,]"
"1"," 21.38657"
"1"," 18.23249"
"1","
 [468,]"
"1"," 21.87706"
"1"," 16.80669"
"1","
 [469,]"
"1"," 21.85705"
"1"," 18.14908"
"1","
 [470,]"
"1"," 21.92438"
"1"," 17.86095"
"1","
 [471,]"
"1"," 22.30828"
"1"," 17.57008"
"1","
 [472,]"
"1"," 23.34222"
"1"," 16.70676"
"1","
 [473,]"
"1"," 20.36823"
"1"," 18.96374"
"1","
 [474,]"
"1"," 21.94882"
"1"," 18.65137"
"1","
 [475,]"
"1"," 23.02039"
"1"," 17.33566"
"1","
 [476,]"
"1"," 21.93322"
"1"," 19.13909"
"1","
 [477,]"
"1"," 21.98093"
"1"," 16.55575"
"1","
 [478,]"
"1"," 22.20019"
"1"," 17.97398"
"1","
 [479,]"
"1"," 21.00411"
"1"," 17.07014"
"1","
 [480,]"
"1"," 22.83527"
"1"," 16.84466"
"1","
 [481,]"
"1"," 23.17135"
"1"," 17.67930"
"1","
 [482,]"
"1"," 22.12849"
"1"," 17.24979"
"1","
 [483,]"
"1"," 22.56775"
"1"," 16.55570"
"1","
 [484,]"
"1"," 22.09000"
"1"," 17.72463"
"1","
 [485,]"
"1"," 22.56792"
"1"," 16.68398"
"1","
 [486,]"
"1"," 20.54040"
"1"," 17.68796"
"1","
 [487,]"
"1"," 20.44398"
"1"," 17.67934"
"1","
 [488,]"
"1"," 23.15547"
"1"," 20.06607"
"1","
 [489,]"
"1"," 20.65068"
"1"," 16.68523"
"1","
 [490,]"
"1"," 22.12384"
"1"," 17.62223"
"1","
 [491,]"
"1"," 20.42513"
"1"," 17.77741"
"1","
 [492,]"
"1"," 24.36278"
"1"," 17.67480"
"1","
 [493,]"
"1"," 20.11820"
"1"," 17.46085"
"1","
 [494,]"
"1"," 21.36619"
"1"," 18.03069"
"1","
 [495,]"
"1"," 22.80605"
"1"," 16.94076"
"1","
 [496,]"
"1"," 22.14850"
"1"," 18.27490"
"1","
 [497,]"
"1"," 21.17435"
"1"," 17.91150"
"1","
 [498,]"
"1"," 22.10920"
"1"," 18.29153"
"1","
 [499,]"
"1"," 20.51313"
"1"," 16.70387"
"1","
 [500,]"
"1"," 25.47005"
"1"," 19.19027"
"1","
"
"1"," [ reached 'max' / getOption(""max.print"") -- omitted"
"1"," 7500 rows"
"1"," ]
"
