"0","knitr::purl(""feature_engineering_nrlR.Rmd"", output = ""feature_engineering_nrlR.R"")
"
"1","  |                                                                                                                                              "
"1","  |                                                                                                                                        |   0%"
"1","  |                                                                                                                                              "
"1","  |........                                                                                                                                |   6%"
"1","                  "
"1","  |                                                                                                                                              "
"1","  |................                                                                                                                        |  12%"
"1"," [setup]          "
"1","  |                                                                                                                                              "
"1","  |........................                                                                                                                |  18%"
"1","                  "
"1","  |                                                                                                                                              "
"1","  |................................                                                                                                        |  24%"
"1"," [unnamed-chunk-2]"
"1","  |                                                                                                                                              "
"1","  |........................................                                                                                                |  29%"
"1","                  "
"1","  |                                                                                                                                              "
"1","  |................................................                                                                                        |  35%"
"1"," [unnamed-chunk-3]"
"1","  |                                                                                                                                              "
"1","  |........................................................                                                                                |  41%"
"1","                  "
"1","  |                                                                                                                                              "
"1","  |................................................................                                                                        |  47%"
"1"," [unnamed-chunk-4]"
"1","  |                                                                                                                                              "
"1","  |........................................................................                                                                |  53%"
"1","                  "
"1","  |                                                                                                                                              "
"1","  |................................................................................                                                        |  59%"
"1"," [unnamed-chunk-5]"
"1","  |                                                                                                                                              "
"1","  |........................................................................................                                                |  65%"
"1","                  "
"1","  |                                                                                                                                              "
"1","  |................................................................................................                                        |  71%"
"1"," [unnamed-chunk-6]"
"1","  |                                                                                                                                              "
"1","  |........................................................................................................                                |  76%"
"1","                  "
"1","  |                                                                                                                                              "
"1","  |................................................................................................................                        |  82%"
"1"," [unnamed-chunk-7]"
"1","  |                                                                                                                                              "
"1","  |........................................................................................................................                |  88%"
"1","                  "
"1","  |                                                                                                                                              "
"1","  |................................................................................................................................        |  94%"
"1"," [unnamed-chunk-8]"
"1","  |                                                                                                                                              "
"1","  |........................................................................................................................................| 100%"
"1","                  "
"1",""
"1",""
"1","                                                                                                                                                                                                "
"1","
"
"1","[1]"
"1"," ""feature_engineering_nrlR.R"""
"1","
"
