"0","knitr::purl(""modelling_nrlR.Rmd"", output = ""modelling_nrlR.R"")
"
"1","  |                                                                                                                                             "
"1","  |                                                                                                                                       |   0%"
"1","  |                                                                                                                                             "
"1","  |....                                                                                                                                   |   3%"
"1","                   "
"1","  |                                                                                                                                             "
"1","  |........                                                                                                                               |   6%"
"1"," [setup]           "
"1","  |                                                                                                                                             "
"1","  |............                                                                                                                           |   9%"
"1","                   "
"1","  |                                                                                                                                             "
"1","  |................                                                                                                                       |  12%"
"1"," [unnamed-chunk-2] "
"1","  |                                                                                                                                             "
"1","  |....................                                                                                                                   |  15%"
"1","                   "
"1","  |                                                                                                                                             "
"1","  |.........................                                                                                                              |  18%"
"1"," [Data Split]      "
"1","  |                                                                                                                                             "
"1","  |.............................                                                                                                          |  21%"
"1","                   "
"1","  |                                                                                                                                             "
"1","  |.................................                                                                                                      |  24%"
"1"," [Model Recipes]   "
"1","  |                                                                                                                                             "
"1","  |.....................................                                                                                                  |  27%"
"1","                   "
"1","  |                                                                                                                                             "
"1","  |.........................................                                                                                              |  30%"
"1"," [Spec]            "
"1","  |                                                                                                                                             "
"1","  |.............................................                                                                                          |  33%"
"1","                   "
"1","  |                                                                                                                                             "
"1","  |.................................................                                                                                      |  36%"
"1"," [Workflow]        "
"1","  |                                                                                                                                             "
"1","  |.....................................................                                                                                  |  39%"
"1","                   "
"1","  |                                                                                                                                             "
"1","  |.........................................................                                                                              |  42%"
"1"," [xgb Tune]        "
"1","  |                                                                                                                                             "
"1","  |.............................................................                                                                          |  45%"
"1","                   "
"1","  |                                                                                                                                             "
"1","  |.................................................................                                                                      |  48%"
"1"," [unnamed-chunk-3] "
"1","  |                                                                                                                                             "
"1","  |......................................................................                                                                 |  52%"
"1","                   "
"1","  |                                                                                                                                             "
"1","  |..........................................................................                                                             |  55%"
"1"," [unnamed-chunk-4] "
"1","  |                                                                                                                                             "
"1","  |..............................................................................                                                         |  58%"
"1","                   "
"1","  |                                                                                                                                             "
"1","  |..................................................................................                                                     |  61%"
"1"," [unnamed-chunk-5] "
"1","  |                                                                                                                                             "
"1","  |......................................................................................                                                 |  64%"
"1","                   "
"1","  |                                                                                                                                             "
"1","  |..........................................................................................                                             |  67%"
"1"," [unnamed-chunk-6] "
"1","  |                                                                                                                                             "
"1","  |..............................................................................................                                         |  70%"
"1","                   "
"1","  |                                                                                                                                             "
"1","  |..................................................................................................                                     |  73%"
"1"," [unnamed-chunk-7] "
"1","  |                                                                                                                                             "
"1","  |......................................................................................................                                 |  76%"
"1","                   "
"1","  |                                                                                                                                             "
"1","  |..........................................................................................................                             |  79%"
"1"," [unnamed-chunk-8] "
"1","  |                                                                                                                                             "
"1","  |..............................................................................................................                         |  82%"
"1","                   "
"1","  |                                                                                                                                             "
"1","  |...................................................................................................................                    |  85%"
"1"," [unnamed-chunk-9] "
"1","  |                                                                                                                                             "
"1","  |.......................................................................................................................                |  88%"
"1","                   "
"1","  |                                                                                                                                             "
"1","  |...........................................................................................................................            |  91%"
"1"," [unnamed-chunk-10]"
"1","  |                                                                                                                                             "
"1","  |...............................................................................................................................        |  94%"
"1","                   "
"1","  |                                                                                                                                             "
"1","  |...................................................................................................................................    |  97%"
"1"," [unnamed-chunk-11]"
"1","  |                                                                                                                                             "
"1","  |.......................................................................................................................................| 100%"
"1","                   "
"1",""
"1",""
"1","                                                                                                                                                                                                 "
"1","
"
"1","[1]"
"1"," ""modelling_nrlR.R"""
"1","
"
